<SIZE>, <EXECUTION_TIME_1>, <EXECUTION_TIME_2>, <EXECUTION_TIME_3>, <EXECUTION_TIME_4>, <EXECUTION_TIME_5>, <AVG>
1, 4154, 387, 291, 264, 559, 1131
2, 264, 324, 301, 314, 226, 285
3, 207, 220, 200, 353, 299, 255
4, 257, 194, 193, 201, 197, 208
5, 189, 197, 235, 201, 209, 206
6, 198, 208, 206, 183, 199, 198
7, 238, 207, 226, 174, 223, 213
8, 319, 242, 206, 207, 208, 236
9, 187, 207, 198, 219, 203, 202
10, 195, 218, 178, 197, 199, 197
11, 363, 206, 197, 1731, 221, 543
12, 197, 230, 234, 198, 211, 214
13, 187, 213, 202, 194, 302, 219
14, 199, 229, 207, 218, 223, 215
15, 242, 205, 200, 240, 278, 233
16, 202, 230, 237, 213, 219, 220
17, 182, 208, 264, 198, 516, 273
18, 299, 313, 283, 264, 329, 297
19, 201, 234, 198, 198, 217, 209
20, 360, 238, 198, 204, 438, 287
21, 198, 225, 202, 234, 206, 213
22, 194, 219, 208, 197, 219, 207
23, 242, 223, 216, 237, 224, 228
24, 239, 230, 1181, 203, 226, 415
25, 348, 218, 200, 344, 325, 287
26, 203, 205, 7418, 256, 202, 1656
27, 190, 206, 339, 333, 358, 285
28, 611, 361, 392, 254, 283, 380
29, 225, 426, 322, 286, 300, 311
30, 306, 332, 287, 314, 304, 308
31, 282, 395, 289, 272, 369, 321
32, 467, 367, 329, 248, 327, 347
33, 324, 274, 200, 160, 167, 225
34, 408, 321, 279, 266, 278, 310
35, 337, 414, 405, 259, 233, 329
36, 244, 213, 256, 233, 241, 237
37, 205, 4625280, 406, 239, 262, 925278
38, 181, 230, 245, 312, 276, 248
39, 280, 250, 276, 268, 239, 262
40, 330, 250, 268, 236, 226, 262
41, 242, 241, 222, 241, 238, 236
42, 276, 233, 250, 273, 247, 255
43, 251, 300, 231, 240, 411, 286
44, 331, 240, 214, 253, 207, 249
45, 377, 249, 305, 266, 244, 288
46, 243, 188, 170, 164, 166, 186
47, 163, 183, 163, 178, 166, 170
48, 164, 161, 168, 291, 242, 205
49, 205, 238, 189, 176, 243, 210
50, 226, 200, 180, 295, 272, 234
51, 252, 245, 316, 263, 240, 263
52, 236, 277, 245, 224, 245, 245
53, 231, 234, 235, 229, 228, 231
54, 222, 203, 201, 239, 246, 222
55, 242, 233, 231, 221, 241, 233
56, 235, 226, 214, 228, 219, 224
57, 248, 238, 219, 212, 258, 235
58, 169, 190, 175, 197, 180, 182
59, 169, 167, 165, 185, 171, 171
60, 164, 179, 167, 165, 179, 170
61, 192, 166, 192, 166, 170, 177
62, 165, 180, 193, 163, 169, 174
63, 167, 175, 193, 190, 164, 177
64, 262, 196, 233, 196, 166, 210
65, 302, 221, 180, 163, 180, 209
66, 162, 165, 241, 194, 209, 194
67, 247, 217, 207, 180, 167, 203
68, 162, 183, 161, 162, 157, 165
69, 163, 166, 167, 161, 158, 163
70, 159, 164, 160, 157, 158, 159
71, 160, 159, 160, 164, 157, 160
72, 197, 166, 235, 168, 168, 186
73, 169, 158, 170, 158, 166, 164
74, 167, 158, 160, 162, 159, 161
75, 179, 171, 168, 164, 165, 169
76, 165, 187, 160, 177, 185, 174
77, 174, 188, 161, 186, 267, 195
78, 213, 160, 165, 164, 164, 173
79, 172, 157, 161, 164, 158, 162
80, 164, 192, 160, 316, 212, 208
81, 164, 160, 168, 166, 178, 167
82, 156, 167, 166, 169, 163, 164
83, 169, 160, 164, 165, 185, 168
84, 162, 159, 166, 166, 163, 163
85, 196, 164, 161, 179, 161, 172
86, 163, 160, 161, 363, 235, 216
87, 356, 227, 183, 177, 182, 225
88, 1143, 161, 161, 166, 186, 363
89, 169, 183, 144, 164, 164, 164
90, 197, 163, 159, 285, 191, 199
91, 201, 158, 159, 163, 188, 173
92, 258, 192, 160, 163, 168, 188
93, 164, 161, 161, 178, 174, 167
94, 167, 162, 162, 168, 164, 164
95, 164, 159, 161, 168, 185, 167
96, 175, 165, 162, 185, 165, 170
97, 168, 161, 159, 163, 180, 166
98, 162, 159, 163, 166, 167, 163
99, 166, 161, 162, 179, 183, 170
100, 180, 161, 179, 164, 164, 169
101, 200, 159, 160, 165, 166, 170
102, 163, 170, 160, 161, 164, 163
103, 165, 226, 295, 413, 197, 259
104, 272, 244, 159, 155, 140, 194
105, 167, 169, 154, 160, 159, 161
106, 254, 212, 232, 200, 241, 227
107, 256, 206, 239, 217, 205, 224
108, 204, 181, 319, 248, 293, 249
109, 243, 224, 220, 228, 238, 230
110, 254, 232, 199, 222, 193, 220
111, 258, 234, 204, 227, 201, 224
112, 241, 230, 204, 201, 210, 217
113, 303, 204, 202, 242, 241, 238
114, 225, 318, 222, 213, 230, 241
115, 309, 199, 264, 202, 217, 238
116, 237, 234, 202, 234, 195, 220
117, 282, 251, 204, 198, 175, 222
118, 199, 153, 155, 141, 142, 158
119, 177, 162, 187, 185, 151, 172
120, 191, 158, 152, 138, 191, 166
121, 166, 156, 150, 150, 148, 154
122, 159, 164, 128, 150, 178, 155
123, 157, 281, 159, 159, 165, 184
124, 379, 204, 201, 192, 193, 233
125, 215, 194, 232, 170, 198, 201
126, 185, 201, 173, 302, 237, 219
127, 1663, 270, 176, 251, 259, 523
128, 275, 198, 198, 172, 241, 216
129, 249, 217, 198, 188, 202, 210
130, 209, 231, 226, 274, 188, 225
131, 192, 201, 210, 178, 197, 195
132, 227, 205, 191, 209, 265, 219
133, 224, 206, 197, 278, 356, 252
134, 261, 216, 208, 204, 196, 217
135, 203, 223, 196, 283, 311, 243
136, 405, 224, 199, 180, 201, 241
137, 305, 237, 206, 232, 237, 243
138, 233, 229, 184, 308, 175, 225
139, 176, 199, 179, 162, 169, 177
140, 217, 203, 353, 210, 205, 237
141, 208, 197, 241, 204, 219, 213
142, 254, 269, 229, 326, 243, 264
143, 282, 204, 227, 261, 246, 244
144, 221, 230, 191, 195, 181, 203
145, 293, 260, 199, 162, 229, 228
146, 212, 198, 200, 234, 192, 207
147, 244, 264, 201, 197, 208, 222
148, 217, 225, 204, 234, 232, 222
149, 200, 242, 202, 174, 195, 202
150, 246, 217, 158, 213, 211, 209
151, 209, 219, 204, 199, 179, 202
152, 265, 222, 201, 177, 208, 214
153, 203, 213, 178, 192, 218, 200
154, 216, 232, 434, 1371, 211, 492
155, 1670, 199, 166, 161, 127, 464
156, 158, 202, 200, 179, 227, 193
157, 342, 205, 171, 171, 183, 214
158, 193, 243, 189, 153, 162, 188
159, 321, 208, 188, 165, 145, 205
160, 192, 194, 203, 182, 191, 192
161, 200, 228, 258, 168, 159, 202
162, 340, 239, 178, 154, 198, 221
163, 266, 199, 155, 135, 158, 182
164, 185, 208, 168, 174, 283, 203
165, 252, 198, 164, 206, 159, 195
166, 186, 194, 273, 166, 226, 209
167, 190, 196, 163, 230, 165, 188
168, 321, 265, 286, 196, 176, 248
169, 238, 178, 190, 189, 173, 193
170, 213, 292, 227, 156, 189, 215
171, 161, 160, 162, 159, 278, 184
172, 185, 225, 200, 273, 150, 206
173, 205, 205, 160, 159, 152, 176
174, 200, 211, 133, 206, 242, 198
175, 155, 117, 68, 100, 44, 96
176, 66, 44, 46, 239, 73, 93
177, 48, 47, 40, 48, 42, 45
178, 56, 61, 45, 51, 56, 53
179, 44, 41, 40, 48, 59, 46
180, 45, 50, 43, 55, 41, 46
181, 47, 49, 45, 88, 95, 64
182, 48, 45, 87, 103, 87, 74
183, 44, 46, 45, 48, 57, 48
184, 47, 43, 45, 44, 49, 45
185, 118, 43, 62, 46, 46, 63
186, 46, 42, 41, 42, 61, 46
187, 59, 45, 53, 41, 45, 48
188, 61, 48, 84, 88, 87, 73
189, 48, 50, 48, 64, 45, 51
190, 62, 46, 48, 45, 49, 50
191, 68, 44, 48, 49, 62, 54
192, 66, 44, 59, 42, 56, 53
193, 51, 44, 42, 87, 86, 62
194, 53, 60, 50, 46, 59, 53
195, 69, 44, 45, 48, 61, 53
196, 47, 46, 44, 86, 86, 61
197, 82, 51, 51, 44, 72, 60
198, 110, 51, 45, 47, 44, 59
199, 47, 47, 44, 44, 46, 45
200, 48, 46, 44, 45, 44, 45
201, 61, 58, 47, 43, 44, 50
202, 47, 43, 124, 46, 43, 60
203, 95, 59, 41, 46, 45, 57
204, 51, 60, 54, 47, 45, 51
205, 47, 47, 60, 64, 48, 53
206, 54, 45, 42, 57, 89, 57
207, 102, 48, 46, 60, 62, 63
208, 76, 42, 46, 43, 86, 58
209, 51, 77, 41, 41, 41, 50
210, 45, 41, 41, 41, 41, 41
211, 41, 100, 160, 42, 47, 78
212, 67, 41, 41, 42, 41, 46
213, 41, 93, 49, 44, 45, 54
214, 41, 88, 65, 58, 44, 59
215, 100, 41, 54, 42, 42, 55
216, 41, 41, 42, 41, 86, 50
217, 48, 41, 45, 63, 43, 48
218, 41, 41, 41, 41, 41, 41
219, 44, 49, 63, 49, 43, 49
220, 41, 41, 86, 46, 46, 52
221, 63, 62, 42, 42, 100, 61
222, 83, 41, 41, 41, 41, 49
223, 41, 88, 75, 40, 42, 57
224, 98, 41, 41, 41, 41, 52
225, 41, 43, 41, 41, 41, 41
226, 41, 41, 41, 41, 42, 41
227, 44, 41, 41, 41, 41, 41
228, 44, 43, 41, 41, 41, 42
229, 43, 90, 57, 46, 41, 55
230, 49, 41, 41, 41, 41, 42
231, 41, 41, 41, 41, 41, 41
232, 41, 41, 41, 41, 41, 41
233, 41, 41, 41, 41, 41, 41
234, 41, 41, 41, 41, 41, 41
235, 50, 45, 44, 43, 48, 46
236, 45, 64, 45, 47, 60, 52
237, 48, 43, 43, 40, 44, 43
238, 41, 41, 60, 43, 42, 45
239, 44, 91, 47, 41, 47, 54
240, 80, 66, 46, 53, 45, 58
241, 109, 41, 57, 52, 46, 61
242, 89, 82, 41, 41, 41, 58
243, 42, 41, 41, 41, 41, 41
244, 96, 50, 45, 43, 47, 56
245, 44, 43, 47, 45, 47, 45
246, 55, 51, 46, 47, 49, 49
247, 43, 47, 51, 57, 48, 49
248, 62, 62, 48, 45, 59, 55
249, 46, 72, 45, 48, 41, 50
250, 56, 48, 48, 58, 59, 53
251, 84, 44, 85, 41, 41, 59
252, 42, 62, 45, 43, 44, 47
253, 43, 41, 41, 41, 44, 42
254, 40, 41, 41, 41, 41, 40
255, 41, 50, 40, 57, 40, 45
256, 85, 102, 47, 45, 42, 64
257, 48, 47, 41, 43, 62, 48
258, 54, 43, 47, 49, 75, 53
259, 53, 45, 44, 61, 47, 50
260, 47, 66, 59, 46, 46, 52
261, 70, 61, 44, 46, 45, 53
262, 50, 46, 61, 50, 45, 50
263, 63, 59, 46, 92, 86, 69
264, 89, 49, 46, 40, 58, 56
265, 66, 47, 44, 72, 43, 54
266, 54, 41, 41, 41, 41, 43
267, 112, 51, 47, 42, 45, 59
268, 44, 45, 44, 44, 61, 47
269, 86, 86, 65, 59, 46, 68
270, 47, 43, 90, 42, 82, 60
271, 41, 41, 96, 83, 41, 60
272, 41, 108, 43, 92, 41, 65
273, 42, 41, 41, 41, 41, 41
274, 41, 42, 40, 41, 84, 49
275, 41, 57, 41, 41, 41, 44
276, 55, 110, 41, 41, 41, 57
277, 41, 41, 42, 54, 43, 44
278, 41, 41, 41, 79, 41, 48
279, 42, 41, 43, 41, 41, 41
280, 41, 41, 42, 41, 41, 41
281, 58, 41, 41, 41, 41, 44
282, 41, 41, 41, 42, 82, 49
283, 48, 41, 41, 41, 41, 42
284, 41, 41, 84, 41, 43, 50
285, 41, 41, 41, 41, 41, 41
286, 41, 45, 41, 42, 82, 50
287, 41, 41, 41, 41, 42, 41
288, 40, 41, 41, 41, 41, 40
289, 41, 41, 41, 41, 85, 49
290, 42, 112, 41, 41, 42, 55
291, 38, 41, 85, 41, 42, 49
292, 41, 41, 41, 41, 41, 41
293, 58, 54, 41, 41, 41, 47
294, 41, 41, 41, 42, 41, 41
295, 41, 41, 81, 41, 41, 49
296, 41, 41, 86, 41, 41, 50
297, 82, 41, 85, 41, 42, 58
298, 42, 41, 86, 41, 41, 50
299, 41, 41, 41, 41, 41, 41
300, 41, 41, 44, 42, 61, 45
301, 88, 44, 127, 58, 44, 72
302, 49, 45, 44, 47, 123, 61
303, 59, 122, 45, 62, 42, 66
304, 67, 58, 60, 46, 59, 58
305, 44, 42, 41, 42, 41, 42
306, 42, 41, 41, 41, 43, 41
307, 41, 42, 41, 41, 42, 41
308, 39, 46, 41, 41, 41, 41
309, 41, 41, 41, 41, 41, 41
310, 42, 40, 41, 42, 41, 41
311, 41, 41, 41, 41, 41, 41
312, 41, 41, 41, 41, 41, 41
313, 41, 41, 81, 42, 41, 49
314, 42, 41, 40, 41, 41, 41
315, 42, 41, 69, 42, 41, 47
316, 41, 41, 41, 43, 41, 41
317, 41, 41, 41, 41, 40, 40
318, 40, 86, 41, 41, 41, 49
319, 41, 40, 85, 41, 41, 49
320, 43, 85, 54, 41, 41, 52
321, 41, 41, 43, 41, 41, 41
322, 41, 41, 41, 41, 41, 41
323, 41, 41, 41, 41, 41, 41
324, 41, 48, 100, 84, 88, 72
325, 61, 41, 41, 41, 41, 45
326, 41, 71, 41, 41, 41, 47
327, 41, 41, 41, 41, 41, 41
328, 41, 41, 41, 41, 41, 41
329, 41, 41, 83, 41, 41, 49
330, 85, 41, 97, 41, 41, 61
331, 43, 41, 41, 41, 84, 50
332, 85, 41, 41, 45, 84, 59
333, 64, 101, 45, 42, 58, 62
334, 105, 42, 41, 41, 41, 54
335, 83, 50, 83, 41, 41, 59
336, 41, 68, 41, 41, 41, 46
337, 41, 41, 41, 43, 41, 41
338, 41, 41, 54, 41, 42, 43
339, 41, 71, 41, 85, 41, 55
340, 42, 41, 41, 41, 41, 41
341, 41, 58, 41, 41, 41, 44
342, 41, 68, 42, 42, 41, 46
343, 41, 87, 83, 94, 86, 78
344, 81, 43, 102, 60, 47, 66
345, 86, 79, 41, 93, 48, 69
346, 56, 42, 41, 41, 41, 44
347, 41, 41, 41, 41, 41, 41
348, 41, 41, 41, 42, 41, 41
349, 41, 49, 89, 155, 60, 78
350, 112, 85, 46, 82, 106, 86
351, 83, 82, 42, 42, 56, 61
352, 41, 41, 54, 42, 41, 43
353, 83, 41, 85, 55, 47, 62
354, 65, 41, 41, 41, 41, 45
355, 45, 42, 41, 86, 42, 51
356, 87, 42, 41, 42, 41, 50
357, 44, 41, 82, 41, 98, 61
358, 44, 55, 55, 42, 41, 47
359, 41, 41, 82, 41, 81, 57
360, 43, 54, 41, 41, 41, 44
361, 42, 41, 41, 41, 40, 41
362, 41, 41, 41, 41, 41, 41
363, 42, 41, 42, 90, 86, 60
364, 82, 43, 42, 41, 41, 49
365, 44, 41, 41, 114, 59, 59
366, 55, 41, 41, 41, 89, 53
367, 86, 41, 41, 41, 41, 50
368, 80, 81, 41, 41, 80, 64
369, 39, 41, 41, 41, 42, 40
370, 100, 62, 44, 44, 46, 59
371, 88, 104, 82, 44, 63, 76
372, 85, 46, 56, 44, 66, 59
373, 79, 61, 44, 46, 64, 58
374, 50, 55, 45, 61, 44, 51
375, 76, 42, 47, 43, 43, 50
376, 76, 116, 43, 49, 45, 65
377, 74, 47, 63, 42, 42, 53
378, 86, 46, 60, 42, 50, 56
379, 85, 51, 97, 41, 41, 63
380, 42, 54, 41, 41, 42, 44
381, 40, 57, 58, 50, 46, 50
382, 70, 57, 41, 43, 44, 51
383, 43, 55, 46, 42, 48, 46
384, 63, 43, 41, 41, 41, 45
385, 47, 87, 45, 48, 43, 54
386, 88, 65, 44, 45, 61, 60
387, 84, 43, 51, 48, 48, 54
388, 69, 48, 101, 59, 51, 65
389, 52, 96, 43, 43, 42, 55
390, 64, 41, 41, 78, 53, 55
391, 51, 41, 41, 41, 41, 43
392, 45, 41, 41, 42, 41, 42
393, 82, 41, 41, 41, 41, 49
394, 39, 41, 118, 85, 41, 64
395, 43, 41, 41, 41, 98, 52
396, 51, 50, 47, 49, 46, 48
397, 45, 45, 41, 41, 41, 42
398, 41, 41, 41, 91, 44, 51
399, 83, 41, 41, 83, 88, 67
400, 82, 41, 41, 41, 41, 49
401, 43, 83, 41, 41, 103, 62
402, 83, 41, 41, 41, 92, 59
403, 85, 44, 43, 42, 41, 51
404, 41, 41, 42, 42, 41, 41
405, 38, 41, 40, 41, 41, 40
406, 41, 41, 91, 47, 47, 53
407, 95, 42, 42, 41, 41, 52
408, 81, 41, 42, 41, 42, 49
409, 41, 88, 47, 60, 88, 64
410, 83, 42, 41, 41, 41, 49
411, 41, 41, 41, 89, 87, 59
412, 67, 40, 41, 41, 41, 46
413, 78, 41, 44, 42, 87, 58
414, 86, 81, 83, 41, 88, 75
415, 52, 42, 41, 41, 84, 52
416, 82, 41, 81, 41, 89, 66
417, 81, 41, 41, 41, 82, 57
418, 43, 41, 87, 70, 41, 56
419, 85, 83, 83, 94, 62, 81
420, 44, 55, 91, 49, 82, 64
421, 42, 41, 41, 87, 41, 50
422, 48, 50, 47, 66, 45, 51
423, 47, 45, 46, 46, 45, 45
424, 71, 51, 42, 43, 64, 54
425, 83, 49, 46, 46, 47, 54
426, 67, 47, 42, 52, 42, 50
427, 52, 45, 43, 51, 46, 47
428, 70, 45, 59, 52, 48, 54
429, 60, 66, 44, 44, 124, 67
430, 69, 45, 61, 46, 44, 53
431, 65, 59, 52, 47, 58, 56
432, 78, 86, 59, 46, 105, 74
433, 64, 50, 41, 102, 82, 67
434, 86, 41, 86, 41, 41, 59
435, 41, 41, 41, 40, 41, 40
436, 86, 41, 81, 50, 46, 60
437, 86, 41, 40, 41, 41, 49
438, 41, 41, 41, 40, 41, 40
439, 41, 41, 41, 41, 41, 41
440, 41, 41, 87, 41, 41, 50
441, 63, 41, 41, 41, 41, 45
442, 41, 41, 41, 41, 102, 53
443, 48, 41, 41, 41, 107, 55
444, 86, 41, 86, 40, 40, 58
445, 41, 43, 41, 163, 60, 69
446, 61, 54, 53, 97, 45, 62
447, 54, 41, 103, 47, 45, 58
448, 49, 41, 41, 41, 99, 54
449, 77, 47, 58, 61, 46, 57
450, 62, 45, 85, 45, 49, 57
451, 100, 87, 44, 65, 91, 77
452, 47, 41, 41, 99, 42, 54
453, 65, 45, 42, 48, 46, 49
454, 41, 41, 41, 41, 88, 50
455, 51, 41, 41, 41, 41, 43
456, 41, 40, 88, 58, 45, 54
457, 55, 41, 41, 44, 41, 44
458, 55, 41, 41, 41, 88, 53
459, 57, 67, 46, 101, 88, 71
460, 43, 41, 41, 102, 59, 57
461, 66, 41, 42, 41, 41, 46
462, 41, 41, 40, 41, 41, 40
463, 41, 41, 98, 58, 46, 56
464, 49, 41, 82, 45, 44, 52
465, 100, 41, 41, 42, 51, 55
466, 52, 47, 45, 44, 41, 45
467, 57, 43, 43, 60, 41, 48
468, 45, 46, 44, 43, 45, 44
469, 47, 44, 44, 41, 102, 55
470, 87, 41, 41, 41, 54, 52
471, 45, 41, 41, 90, 48, 53
472, 51, 41, 89, 46, 44, 54
473, 87, 43, 89, 46, 46, 62
474, 52, 41, 41, 43, 44, 44
475, 50, 42, 42, 40, 41, 43
476, 41, 41, 41, 41, 41, 41
477, 41, 41, 41, 41, 41, 41
478, 41, 41, 40, 41, 77, 48
479, 44, 49, 44, 42, 115, 58
480, 60, 42, 47, 79, 41, 53
481, 43, 41, 41, 42, 41, 41
482, 54, 41, 41, 41, 41, 43
483, 41, 41, 42, 41, 41, 41
484, 41, 41, 41, 41, 41, 41
485, 54, 69, 41, 42, 41, 49
486, 54, 41, 55, 41, 42, 46
487, 41, 41, 54, 41, 42, 43
488, 41, 41, 40, 41, 41, 40
489, 41, 41, 42, 41, 41, 41
490, 55, 41, 41, 41, 41, 43
491, 41, 41, 41, 41, 42, 41
492, 41, 41, 41, 41, 41, 41
493, 43, 41, 41, 41, 42, 41
494, 43, 41, 41, 55, 41, 44
495, 41, 40, 41, 40, 41, 40
496, 41, 41, 41, 45, 42, 42
497, 41, 41, 43, 72, 41, 47
498, 54, 41, 55, 41, 41, 46
499, 41, 41, 41, 41, 41, 41
500, 41, 41, 41, 41, 41, 41
501, 41, 41, 41, 42, 41, 41
502, 41, 41, 69, 54, 41, 49
503, 41, 41, 43, 41, 41, 41
504, 43, 41, 42, 54, 41, 44
505, 42, 40, 43, 41, 41, 41
506, 41, 41, 41, 42, 41, 41
507, 41, 41, 40, 41, 41, 40
508, 41, 41, 41, 41, 42, 41
509, 41, 41, 41, 41, 42, 41
510, 41, 41, 41, 41, 42, 41
511, 41, 41, 41, 42, 41, 41
512, 42, 41, 41, 41, 39, 40
513, 41, 55, 41, 41, 42, 44
514, 41, 41, 43, 42, 41, 41
515, 41, 41, 41, 41, 41, 41
516, 41, 41, 41, 41, 41, 41
517, 41, 41, 41, 41, 41, 41
518, 41, 41, 41, 41, 41, 41
519, 41, 40, 41, 41, 41, 40
520, 41, 41, 41, 42, 42, 41
521, 41, 41, 41, 41, 41, 41
522, 41, 41, 55, 55, 42, 46
523, 41, 41, 43, 41, 41, 41
524, 43, 41, 41, 41, 40, 41
525, 41, 41, 54, 42, 41, 43
526, 41, 41, 41, 41, 41, 41
527, 41, 40, 43, 41, 41, 41
528, 41, 41, 41, 42, 41, 41
529, 43, 41, 41, 41, 41, 41
530, 41, 41, 41, 41, 41, 41
531, 41, 41, 40, 41, 41, 40
532, 41, 41, 41, 41, 41, 41
533, 41, 41, 41, 41, 41, 41
534, 41, 41, 41, 41, 41, 41
535, 41, 41, 41, 41, 41, 41
536, 42, 41, 41, 41, 54, 43
537, 41, 41, 41, 42, 41, 41
538, 41, 41, 41, 54, 41, 43
539, 41, 105, 43, 41, 41, 54
540, 41, 41, 41, 41, 41, 41
541, 41, 41, 54, 42, 42, 44
542, 41, 41, 41, 153, 43, 63
543, 41, 41, 41, 41, 41, 41
544, 41, 41, 41, 41, 41, 41
545, 41, 41, 41, 54, 41, 43
546, 41, 41, 42, 41, 41, 41
547, 47, 40, 41, 41, 41, 42
548, 41, 41, 41, 41, 41, 41
549, 41, 41, 41, 41, 41, 41
550, 41, 41, 42, 41, 83, 49
551, 84, 41, 41, 41, 42, 49
552, 41, 41, 41, 42, 41, 41
553, 41, 41, 41, 41, 41, 41
554, 41, 41, 41, 42, 41, 41
555, 41, 41, 143, 42, 41, 61
556, 41, 41, 99, 54, 41, 55
557, 43, 41, 54, 41, 41, 44
558, 43, 41, 41, 41, 41, 41
559, 41, 41, 41, 41, 42, 41
560, 41, 41, 69, 59, 104, 62
561, 85, 84, 104, 43, 101, 83
562, 42, 50, 56, 42, 44, 46
563, 61, 54, 44, 48, 56, 52
564, 45, 84, 51, 61, 85, 65
565, 46, 60, 52, 46, 55, 51
566, 45, 88, 47, 89, 45, 62
567, 50, 88, 44, 86, 47, 63
568, 156, 44, 48, 41, 57, 69
569, 55, 101, 83, 48, 45, 66
570, 59, 43, 86, 43, 40, 54
571, 85, 45, 69, 60, 48, 61
572, 50, 45, 52, 41, 41, 45
573, 86, 42, 43, 44, 42, 51
574, 60, 45, 64, 52, 90, 62
575, 90, 64, 45, 45, 55, 59
576, 47, 45, 46, 43, 46, 45
577, 48, 41, 46, 72, 88, 59
578, 49, 43, 42, 143, 46, 64
579, 157, 60, 65, 45, 46, 74
580, 47, 46, 46, 59, 88, 57
581, 101, 51, 41, 42, 41, 55
582, 41, 41, 41, 43, 42, 41
583, 41, 54, 41, 41, 41, 43
584, 41, 41, 40, 41, 41, 40
585, 41, 41, 41, 85, 42, 50
586, 41, 41, 55, 85, 41, 52
587, 41, 41, 41, 41, 41, 41
588, 43, 41, 41, 41, 41, 41
589, 41, 41, 41, 41, 41, 41
590, 41, 41, 40, 41, 41, 40
591, 41, 41, 41, 41, 41, 41
592, 98, 41, 41, 41, 54, 55
593, 41, 41, 41, 41, 41, 41
594, 41, 41, 41, 41, 41, 41
595, 84, 41, 41, 40, 87, 58
596, 41, 41, 41, 41, 41, 41
597, 41, 41, 41, 40, 42, 41
598, 41, 41, 42, 41, 42, 41
599, 84, 41, 41, 41, 41, 49
600, 41, 41, 41, 42, 41, 41
601, 86, 41, 41, 54, 55, 55
602, 40, 41, 41, 41, 41, 40
603, 41, 41, 41, 42, 54, 43
604, 41, 41, 41, 41, 41, 41
605, 41, 41, 41, 41, 41, 41
606, 41, 41, 41, 41, 54, 43
607, 41, 41, 41, 41, 41, 41
608, 41, 41, 41, 41, 41, 41
609, 43, 41, 42, 41, 41, 41
610, 46, 41, 41, 41, 41, 42
611, 41, 41, 41, 41, 41, 41
612, 41, 41, 42, 54, 41, 43
613, 43, 41, 41, 41, 41, 41
614, 41, 41, 41, 41, 55, 43
615, 42, 112, 41, 41, 41, 55
616, 41, 41, 41, 41, 42, 41
617, 41, 41, 41, 41, 41, 41
618, 41, 41, 41, 41, 41, 41
619, 41, 41, 42, 41, 41, 41
620, 41, 41, 41, 41, 41, 41
621, 42, 41, 41, 41, 41, 41
622, 41, 41, 41, 41, 41, 41
623, 43, 41, 41, 41, 41, 41
624, 41, 41, 41, 41, 41, 41
625, 43, 41, 42, 41, 41, 41
626, 41, 41, 41, 41, 41, 41
627, 41, 41, 54, 41, 41, 43
628, 41, 41, 40, 41, 42, 41
629, 41, 41, 41, 54, 42, 43
630, 56, 41, 41, 41, 41, 44
631, 41, 41, 41, 41, 41, 41
632, 41, 41, 91, 42, 42, 51
633, 42, 41, 40, 41, 41, 41
634, 41, 41, 41, 41, 41, 41
635, 41, 41, 41, 41, 41, 41
636, 41, 41, 42, 41, 41, 41
637, 41, 41, 41, 40, 41, 40
638, 41, 41, 42, 41, 41, 41
639, 41, 41, 42, 41, 41, 41
640, 41, 41, 98, 46, 45, 54
641, 45, 41, 46, 88, 42, 52
642, 41, 66, 41, 41, 41, 46
643, 41, 41, 41, 41, 41, 41
644, 41, 41, 40, 41, 41, 40
645, 41, 41, 41, 40, 41, 40
646, 41, 41, 41, 42, 41, 41
647, 41, 41, 41, 41, 41, 41
648, 41, 41, 41, 41, 41, 41
649, 41, 41, 41, 41, 42, 41
650, 42, 41, 41, 41, 41, 41
651, 41, 41, 41, 41, 41, 41
652, 43, 41, 41, 41, 41, 41
653, 41, 41, 41, 41, 41, 41
654, 42, 41, 41, 41, 41, 41
655, 41, 41, 42, 41, 41, 41
656, 54, 41, 40, 41, 41, 43
657, 41, 41, 41, 41, 41, 41
658, 41, 41, 41, 41, 41, 41
659, 41, 41, 41, 41, 41, 41
660, 41, 41, 41, 42, 41, 41
661, 45, 87, 59, 49, 76, 63
662, 84, 48, 46, 44, 43, 53
663, 46, 41, 43, 41, 41, 42
664, 41, 41, 41, 41, 42, 41
665, 41, 41, 41, 41, 41, 41
666, 41, 41, 41, 43, 40, 41
667, 80, 41, 84, 41, 82, 65
668, 86, 41, 41, 41, 41, 50
669, 42, 184, 73, 44, 43, 77
670, 85, 41, 41, 41, 41, 49
671, 41, 41, 92, 45, 50, 53
672, 67, 41, 41, 41, 41, 46
673, 43, 41, 41, 43, 42, 42
674, 56, 41, 42, 41, 41, 44
675, 58, 41, 41, 41, 41, 44
676, 41, 41, 40, 41, 42, 41
677, 121, 48, 45, 44, 50, 61
678, 48, 45, 46, 48, 47, 46
679, 47, 46, 48, 43, 44, 45
680, 47, 82, 42, 40, 41, 50
681, 41, 41, 42, 41, 42, 41
682, 41, 54, 42, 41, 87, 53
683, 51, 41, 47, 44, 135, 63
684, 56, 61, 61, 47, 46, 54
685, 85, 41, 41, 90, 48, 61
686, 46, 83, 42, 41, 82, 58
687, 43, 54, 41, 83, 82, 60
688, 80, 41, 41, 82, 41, 57
689, 43, 41, 41, 41, 41, 41
690, 41, 41, 41, 41, 41, 41
691, 41, 41, 42, 41, 41, 41
692, 41, 41, 41, 42, 41, 41
693, 41, 54, 41, 42, 41, 43
694, 41, 41, 41, 41, 41, 41
695, 41, 41, 41, 41, 100, 52
696, 84, 43, 99, 122, 47, 79
697, 127, 82, 41, 41, 41, 66
698, 42, 41, 41, 41, 42, 41
699, 42, 40, 84, 52, 41, 51
700, 42, 41, 41, 41, 41, 41
701, 41, 41, 115, 59, 44, 60
702, 84, 44, 45, 45, 44, 52
703, 46, 60, 44, 43, 46, 47
704, 43, 44, 48, 49, 47, 46
705, 64, 45, 50, 44, 61, 52
706, 47, 46, 46, 44, 56, 47
707, 60, 44, 48, 44, 47, 48
708, 46, 58, 47, 46, 56, 50
709, 44, 58, 43, 43, 51, 47
710, 45, 61, 42, 47, 58, 50
711, 67, 46, 45, 61, 48, 53
712, 45, 45, 46, 46, 66, 49
713, 43, 48, 40, 43, 45, 43
714, 45, 63, 46, 45, 61, 52
715, 87, 56, 43, 65, 49, 60
716, 80, 43, 44, 46, 45, 51
717, 62, 47, 46, 50, 49, 50
718, 46, 43, 98, 41, 42, 54
719, 53, 44, 43, 44, 40, 44
720, 68, 80, 243, 43, 41, 95
721, 73, 59, 45, 48, 59, 56
722, 67, 46, 45, 43, 44, 49
723, 59, 42, 44, 47, 41, 46
724, 41, 42, 45, 86, 47, 52
725, 82, 48, 42, 44, 41, 51
726, 61, 60, 46, 46, 43, 51
727, 45, 42, 41, 47, 45, 44
728, 58, 46, 58, 44, 43, 49
729, 88, 61, 60, 42, 44, 59
730, 45, 46, 44, 42, 58, 47
731, 68, 50, 43, 89, 64, 62
732, 48, 44, 43, 47, 45, 45
733, 44, 46, 46, 61, 48, 49
734, 50, 47, 47, 43, 89, 55
735, 46, 63, 43, 47, 44, 48
736, 71, 46, 89, 45, 49, 60
737, 57, 43, 47, 43, 46, 47
738, 66, 101, 46, 46, 46, 61
739, 68, 48, 56, 60, 41, 54
740, 61, 48, 44, 44, 57, 50
741, 84, 50, 48, 50, 42, 54
742, 72, 48, 61, 63, 42, 57
743, 48, 44, 46, 46, 44, 45
744, 83, 48, 57, 47, 98, 66
745, 60, 47, 58, 48, 45, 51
746, 47, 48, 43, 44, 103, 57
747, 47, 47, 83, 50, 44, 54
748, 63, 45, 47, 61, 44, 52
749, 86, 47, 57, 44, 44, 55
750, 100, 44, 41, 71, 44, 60
751, 154, 40, 41, 47, 42, 64
752, 43, 60, 49, 44, 48, 48
753, 51, 46, 44, 54, 61, 51
754, 77, 54, 45, 86, 59, 64
755, 74, 47, 45, 58, 46, 54
756, 49, 45, 47, 43, 60, 48
757, 55, 48, 47, 43, 46, 47
758, 89, 88, 63, 44, 47, 66
759, 114, 48, 47, 43, 61, 62
760, 66, 46, 59, 43, 54, 53
761, 44, 44, 45, 48, 48, 45
762, 52, 45, 51, 46, 42, 47
763, 56, 40, 61, 89, 50, 59
764, 49, 46, 46, 43, 62, 49
765, 145, 47, 86, 85, 45, 81
766, 47, 91, 47, 57, 45, 57
767, 62, 48, 47, 47, 43, 49
768, 101, 44, 44, 49, 48, 57
769, 58, 46, 42, 46, 49, 48
770, 44, 190, 66, 46, 44, 78
771, 47, 60, 44, 47, 46, 48
772, 66, 45, 43, 62, 48, 52
773, 71, 48, 46, 52, 60, 55
774, 90, 71, 47, 44, 42, 58
775, 61, 59, 42, 47, 42, 50
776, 48, 45, 48, 59, 46, 49
777, 47, 45, 51, 41, 48, 46
778, 43, 64, 45, 43, 43, 47
779, 47, 40, 92, 43, 45, 53
780, 60, 61, 84, 44, 50, 59
781, 89, 48, 43, 42, 55, 55
782, 49, 42, 43, 45, 47, 45
783, 49, 43, 60, 44, 42, 47
784, 70, 41, 42, 45, 45, 48
785, 69, 43, 49, 40, 42, 48
786, 63, 104, 53, 47, 45, 62
787, 49, 57, 45, 47, 59, 51
788, 47, 43, 47, 48, 48, 46
789, 149, 46, 63, 45, 47, 70
790, 48, 47, 43, 48, 47, 46
791, 46, 47, 43, 45, 47, 45
792, 61, 45, 47, 47, 48, 49
793, 46, 46, 45, 45, 59, 48
794, 121, 43, 45, 47, 47, 60
795, 52, 45, 221, 47, 45, 82
796, 61, 62, 62, 48, 45, 55
797, 48, 46, 60, 47, 46, 49
798, 50, 44, 44, 60, 62, 52
799, 66, 47, 47, 43, 43, 49
800, 48, 46, 47, 48, 57, 49
801, 50, 45, 46, 60, 61, 52
802, 52, 48, 45, 47, 47, 47
803, 71, 47, 48, 44, 72, 56
804, 50, 45, 46, 59, 44, 48
805, 75, 44, 47, 46, 48, 52
806, 60, 61, 46, 47, 44, 51
807, 61, 44, 59, 62, 44, 54
808, 47, 46, 48, 50, 45, 47
809, 50, 46, 52, 61, 47, 51
810, 60, 47, 45, 48, 60, 52
811, 60, 47, 46, 45, 48, 49
812, 56, 45, 44, 48, 46, 47
813, 48, 47, 58, 60, 46, 51
814, 48, 46, 44, 46, 61, 49
815, 47, 42, 46, 46, 45, 45
816, 48, 45, 58, 45, 46, 48
817, 48, 45, 52, 49, 43, 47
818, 60, 49, 48, 43, 48, 49
819, 50, 46, 48, 47, 46, 47
820, 60, 57, 46, 48, 45, 51
821, 46, 46, 47, 46, 45, 46
822, 72, 44, 46, 49, 45, 51
823, 47, 44, 47, 46, 44, 45
824, 47, 47, 59, 46, 48, 49
825, 46, 101, 44, 45, 47, 56
826, 64, 47, 46, 60, 60, 55
827, 45, 45, 46, 48, 46, 46
828, 47, 45, 60, 52, 45, 49
829, 47, 44, 45, 50, 47, 46
830, 47, 61, 46, 70, 50, 54
831, 58, 46, 46, 46, 43, 47
832, 49, 43, 44, 43, 50, 45
833, 107, 87, 42, 86, 48, 74
834, 48, 50, 48, 60, 62, 53
835, 45, 59, 61, 46, 62, 54
836, 45, 45, 41, 45, 49, 45
837, 63, 42, 59, 44, 46, 50
838, 61, 48, 45, 46, 45, 49
839, 47, 48, 46, 46, 45, 46
840, 48, 45, 47, 49, 47, 47
841, 45, 46, 46, 59, 47, 48
842, 46, 44, 48, 52, 45, 47
843, 62, 58, 48, 50, 48, 53
844, 60, 59, 62, 44, 45, 54
845, 59, 47, 48, 43, 56, 50
846, 48, 46, 47, 58, 47, 49
847, 48, 47, 50, 67, 43, 51
848, 46, 45, 47, 44, 47, 45
849, 62, 48, 43, 46, 46, 49
850, 48, 43, 46, 52, 48, 47
851, 48, 46, 60, 56, 53, 52
852, 47, 44, 45, 44, 48, 45
853, 43, 60, 62, 48, 46, 51
854, 47, 58, 48, 45, 46, 48
855, 68, 46, 62, 48, 49, 54
856, 62, 45, 44, 46, 45, 48
857, 58, 45, 73, 47, 59, 56
858, 61, 45, 72, 60, 46, 56
859, 46, 60, 46, 45, 42, 47
860, 59, 46, 43, 76, 48, 54
861, 48, 48, 47, 59, 60, 52
862, 60, 45, 63, 58, 45, 54
863, 47, 47, 48, 58, 47, 49
864, 61, 59, 61, 45, 59, 57
865, 46, 60, 46, 47, 47, 49
866, 46, 47, 47, 45, 45, 46
867, 58, 45, 63, 74, 46, 57
868, 88, 47, 46, 57, 46, 56
869, 48, 46, 60, 48, 46, 49
870, 50, 89, 45, 68, 47, 59
871, 47, 43, 45, 122, 61, 63
872, 43, 62, 46, 46, 44, 48
873, 58, 88, 41, 45, 52, 56
874, 65, 69, 45, 144, 55, 75
875, 46, 88, 45, 42, 43, 52
876, 84, 85, 61, 43, 44, 63
877, 49, 60, 44, 115, 46, 62
878, 46, 45, 84, 44, 63, 56
879, 62, 42, 48, 46, 47, 49
880, 44, 56, 119, 60, 43, 64
881, 99, 41, 47, 118, 42, 69
882, 45, 60, 47, 51, 45, 49
883, 59, 45, 47, 58, 71, 56
884, 43, 59, 44, 46, 44, 47
885, 48, 46, 46, 55, 48, 48
886, 45, 130, 62, 45, 44, 65
887, 114, 41, 42, 63, 47, 61
888, 62, 85, 88, 41, 40, 63
889, 42, 41, 42, 41, 42, 41
890, 97, 83, 41, 41, 41, 60
891, 83, 83, 42, 41, 41, 58
892, 82, 41, 41, 41, 83, 57
893, 43, 40, 41, 41, 41, 41
894, 41, 41, 41, 54, 41, 43
895, 41, 41, 41, 85, 41, 49
896, 65, 47, 146, 46, 67, 74
897, 79, 43, 57, 85, 42, 61
898, 41, 54, 42, 41, 42, 44
899, 56, 41, 41, 92, 54, 56
900, 52, 41, 118, 74, 42, 65
901, 50, 82, 42, 41, 80, 59
902, 41, 41, 41, 101, 41, 53
903, 85, 41, 41, 42, 41, 50
904, 100, 83, 41, 41, 41, 61
905, 40, 41, 41, 41, 77, 48
906, 85, 41, 41, 42, 42, 50
907, 41, 41, 42, 54, 41, 43
908, 42, 41, 41, 41, 41, 41
909, 59, 87, 60, 85, 41, 66
910, 43, 41, 43, 42, 41, 42
911, 41, 41, 41, 41, 41, 41
912, 41, 41, 42, 42, 41, 41
913, 41, 41, 41, 41, 41, 41
914, 43, 41, 42, 41, 41, 41
915, 41, 41, 42, 41, 55, 44
916, 41, 41, 41, 41, 40, 40
917, 41, 41, 42, 41, 41, 41
918, 41, 41, 41, 41, 42, 41
919, 41, 41, 41, 41, 41, 41
920, 41, 40, 41, 41, 54, 43
921, 41, 40, 96, 41, 41, 51
922, 41, 41, 38, 41, 42, 40
923, 82, 41, 41, 41, 41, 49
924, 41, 41, 41, 41, 41, 41
925, 41, 41, 41, 91, 47, 52
926, 84, 41, 41, 41, 41, 49
927, 85, 82, 41, 41, 41, 58
928, 44, 41, 41, 41, 41, 41
929, 57, 41, 41, 40, 85, 52
930, 45, 41, 41, 42, 41, 42
931, 97, 83, 42, 42, 41, 61
932, 83, 83, 42, 41, 41, 58
933, 43, 41, 41, 41, 83, 49
934, 43, 40, 42, 41, 41, 41
935, 41, 41, 41, 42, 41, 41
936, 41, 41, 42, 41, 41, 41
937, 41, 40, 41, 41, 41, 40
938, 41, 41, 40, 41, 41, 40
939, 41, 41, 41, 41, 42, 41
940, 41, 41, 41, 41, 41, 41
941, 41, 41, 41, 41, 41, 41
942, 43, 41, 41, 41, 41, 41
943, 41, 54, 41, 41, 41, 43
944, 41, 41, 41, 41, 84, 49
945, 41, 41, 41, 41, 41, 41
946, 41, 41, 42, 41, 41, 41
947, 41, 41, 44, 41, 83, 50
948, 42, 41, 41, 41, 42, 41
949, 41, 41, 41, 41, 42, 41
950, 41, 41, 41, 41, 41, 41
951, 41, 41, 41, 41, 41, 41
952, 41, 41, 42, 41, 41, 41
953, 41, 41, 41, 42, 41, 41
954, 41, 41, 43, 55, 41, 44
955, 43, 41, 41, 41, 41, 41
956, 41, 41, 40, 41, 41, 40
957, 54, 41, 41, 41, 41, 43
958, 41, 41, 41, 41, 41, 41
959, 41, 41, 41, 41, 41, 41
960, 44, 41, 41, 41, 41, 41
961, 41, 42, 41, 41, 41, 41
962, 41, 41, 42, 41, 42, 41
963, 41, 41, 42, 41, 41, 41
964, 41, 41, 42, 41, 42, 41
965, 41, 41, 41, 42, 41, 41
966, 41, 41, 81, 41, 41, 49
967, 41, 41, 81, 82, 41, 57
968, 80, 41, 81, 97, 42, 68
969, 80, 41, 41, 41, 41, 48
970, 41, 41, 42, 41, 41, 41
971, 41, 41, 42, 41, 42, 41
972, 41, 87, 41, 42, 42, 50
973, 41, 41, 41, 41, 41, 41
974, 41, 41, 41, 41, 41, 41
975, 41, 41, 41, 41, 41, 41
976, 41, 41, 41, 40, 41, 40
977, 41, 41, 41, 41, 40, 40
978, 41, 41, 41, 41, 42, 41
979, 41, 41, 42, 41, 41, 41
980, 41, 41, 42, 41, 41, 41
981, 41, 41, 41, 42, 41, 41
982, 41, 41, 41, 41, 40, 40
983, 41, 41, 42, 41, 40, 41
984, 41, 41, 41, 41, 41, 41
985, 41, 41, 41, 41, 42, 41
986, 41, 40, 41, 42, 41, 41
987, 41, 41, 54, 41, 41, 43
988, 42, 41, 41, 42, 42, 41
989, 41, 41, 41, 41, 121, 57
990, 81, 43, 41, 41, 83, 57
991, 41, 41, 42, 41, 41, 41
992, 41, 54, 41, 41, 41, 43
993, 41, 41, 41, 41, 42, 41
994, 41, 41, 41, 41, 41, 41
995, 41, 41, 41, 55, 41, 43
996, 41, 41, 41, 40, 42, 41
997, 40, 40, 42, 41, 42, 41
998, 41, 41, 41, 41, 41, 41
999, 41, 40, 41, 41, 41, 40
1000, 41, 41, 41, 42, 42, 41
1001, 40, 43, 42, 42, 85, 50
1002, 41, 41, 41, 41, 41, 41
1003, 83, 41, 53, 83, 86, 69
1004, 41, 83, 42, 41, 41, 49
1005, 85, 41, 41, 41, 42, 50
1006, 42, 41, 41, 43, 42, 41
1007, 43, 41, 41, 41, 42, 41
1008, 83, 41, 42, 41, 41, 49
1009, 43, 41, 118, 52, 50, 60
1010, 85, 41, 41, 41, 41, 49
1011, 43, 41, 42, 41, 89, 51
1012, 80, 41, 87, 50, 85, 68
1013, 43, 41, 41, 41, 79, 49
1014, 41, 41, 41, 41, 41, 41
1015, 41, 41, 41, 40, 41, 40
1016, 41, 41, 41, 41, 41, 41
1017, 41, 120, 54, 98, 41, 70
1018, 41, 41, 41, 42, 80, 49
1019, 41, 41, 40, 41, 41, 40
1020, 60, 41, 41, 41, 41, 44
1021, 43, 41, 41, 41, 41, 41
1022, 54, 41, 41, 41, 41, 43
1023, 41, 55, 42, 41, 41, 44
1024, 54, 41, 41, 96, 41, 54
1025, 64, 48, 43, 44, 42, 48
1026, 42, 40, 41, 41, 54, 43
1027, 41, 41, 41, 41, 41, 41
1028, 42, 41, 41, 41, 41, 41
1029, 43, 41, 41, 41, 122, 57
1030, 83, 57, 44, 45, 56, 57
1031, 45, 59, 92, 44, 46, 57
1032, 47, 43, 46, 45, 58, 47
1033, 95, 63, 58, 50, 44, 62
1034, 44, 44, 45, 43, 43, 43
1035, 58, 43, 46, 46, 43, 47
1036, 88, 45, 44, 42, 130, 69
1037, 41, 41, 41, 41, 41, 41
1038, 41, 41, 41, 41, 79, 48
1039, 41, 41, 41, 42, 42, 41
1040, 41, 40, 42, 41, 42, 41
1041, 41, 41, 41, 41, 54, 43
1042, 41, 41, 41, 41, 41, 41
1043, 41, 41, 41, 42, 41, 41
1044, 41, 41, 42, 42, 41, 41
1045, 41, 41, 41, 41, 41, 41
1046, 82, 41, 80, 42, 41, 57
1047, 41, 41, 42, 41, 41, 41
1048, 42, 84, 41, 80, 41, 57
1049, 41, 41, 41, 41, 45, 41
1050, 65, 44, 47, 47, 43, 49
1051, 46, 41, 41, 42, 41, 42
1052, 43, 41, 41, 41, 41, 41
1053, 40, 41, 41, 41, 42, 41
1054, 41, 41, 41, 42, 41, 41
1055, 43, 54, 41, 115, 48, 60
1056, 86, 41, 40, 81, 42, 58
1057, 41, 41, 41, 42, 41, 41
1058, 41, 41, 41, 42, 42, 41
1059, 78, 54, 41, 41, 55, 53
1060, 41, 41, 40, 54, 42, 43
1061, 41, 41, 41, 41, 115, 55
1062, 84, 41, 55, 41, 41, 52
1063, 55, 85, 41, 41, 41, 52
1064, 42, 41, 41, 41, 41, 41
1065, 41, 41, 41, 42, 41, 41
1066, 83, 41, 41, 42, 41, 49
1067, 41, 41, 41, 42, 41, 41
1068, 41, 41, 41, 40, 41, 40
1069, 41, 41, 42, 42, 42, 41
1070, 42, 41, 42, 41, 41, 41
1071, 41, 41, 41, 41, 42, 41
1072, 43, 41, 41, 42, 41, 41
1073, 41, 41, 41, 41, 41, 41
1074, 41, 41, 41, 42, 41, 41
1075, 41, 41, 41, 42, 41, 41
1076, 83, 82, 41, 42, 55, 60
1077, 43, 41, 43, 41, 41, 41
1078, 43, 54, 41, 117, 45, 60
1079, 67, 41, 41, 83, 41, 54
1080, 42, 41, 41, 41, 41, 41
1081, 41, 41, 41, 41, 41, 41
1082, 40, 41, 41, 45, 42, 41
1083, 64, 43, 41, 41, 60, 49
1084, 134, 47, 47, 60, 58, 69
1085, 46, 67, 48, 60, 44, 53
1086, 52, 46, 46, 43, 44, 46
1087, 60, 82, 67, 60, 48, 63
1088, 46, 43, 47, 47, 61, 48
1089, 45, 46, 59, 89, 62, 60
1090, 65, 61, 43, 75, 62, 61
1091, 48, 47, 42, 46, 45, 45
1092, 50, 47, 59, 47, 45, 49
1093, 62, 43, 46, 47, 42, 48
1094, 49, 46, 47, 49, 47, 47
1095, 76, 45, 51, 45, 47, 52
1096, 60, 44, 45, 59, 46, 50
1097, 64, 48, 63, 53, 44, 54
1098, 48, 58, 40, 42, 46, 46
1099, 48, 47, 56, 44, 41, 47
1100, 42, 43, 45, 40, 64, 46
1101, 51, 81, 46, 61, 61, 60
1102, 45, 45, 52, 47, 63, 50
1103, 50, 58, 47, 48, 57, 52
1104, 88, 61, 47, 48, 60, 60
1105, 60, 61, 47, 47, 45, 52
1106, 110, 47, 58, 60, 43, 63
1107, 48, 60, 49, 49, 46, 50
1108, 63, 42, 44, 41, 51, 48
1109, 46, 47, 63, 127, 41, 64
1110, 79, 40, 44, 48, 58, 53
1111, 46, 105, 41, 65, 59, 63
1112, 41, 42, 46, 46, 47, 44
1113, 61, 59, 41, 70, 42, 54
1114, 72, 43, 47, 83, 46, 58
1115, 62, 49, 47, 45, 46, 49
1116, 49, 43, 54, 86, 49, 56
1117, 51, 47, 59, 49, 44, 50
1118, 55, 58, 44, 43, 43, 48
1119, 46, 49, 54, 55, 43, 49
1120, 68, 62, 44, 43, 66, 56
1121, 64, 67, 47, 59, 59, 59
1122, 46, 43, 46, 77, 58, 54
1123, 44, 41, 118, 68, 49, 64
1124, 58, 45, 45, 47, 47, 48
1125, 47, 60, 44, 47, 40, 47
1126, 41, 64, 48, 61, 47, 52
1127, 48, 46, 44, 59, 47, 48
1128, 44, 43, 56, 47, 60, 50
1129, 46, 46, 47, 46, 42, 45
1130, 50, 48, 59, 44, 42, 48
1131, 92, 46, 46, 46, 47, 55
1132, 64, 46, 45, 66, 44, 53
1133, 50, 58, 52, 48, 45, 50
1134, 43, 48, 60, 120, 164, 87
1135, 50, 45, 47, 59, 59, 52
1136, 62, 97, 111, 110, 45, 85
1137, 43, 46, 43, 60, 47, 47
1138, 63, 52, 120, 50, 46, 66
1139, 46, 45, 45, 50, 46, 46
1140, 61, 43, 51, 47, 61, 52
1141, 43, 60, 57, 45, 62, 53
1142, 47, 47, 68, 82, 47, 58
1143, 47, 48, 47, 46, 47, 47
1144, 100, 46, 47, 43, 46, 56
1145, 48, 45, 43, 57, 44, 47
1146, 43, 41, 98, 48, 44, 54
1147, 62, 48, 46, 47, 47, 50
1148, 58, 46, 59, 47, 45, 51
1149, 70, 48, 50, 44, 45, 51
1150, 47, 45, 46, 46, 45, 45
1151, 45, 46, 42, 192, 86, 82
1152, 65, 44, 45, 48, 46, 49
1153, 63, 50, 40, 68, 47, 53
1154, 47, 47, 46, 46, 46, 46
1155, 128, 52, 50, 60, 64, 70
1156, 49, 59, 45, 46, 67, 53
1157, 46, 46, 49, 48, 59, 49
1158, 45, 51, 45, 59, 47, 49
1159, 51, 60, 61, 46, 61, 55
1160, 49, 44, 46, 58, 46, 48
1161, 54, 47, 49, 46, 60, 51
1162, 50, 48, 50, 46, 45, 47
1163, 53, 49, 77, 66, 42, 57
1164, 48, 60, 59, 47, 43, 51
1165, 50, 47, 45, 44, 46, 46
1166, 52, 62, 46, 51, 45, 51
1167, 44, 48, 44, 47, 47, 46
1168, 49, 47, 47, 133, 63, 67
1169, 48, 49, 45, 77, 65, 56
1170, 49, 47, 47, 47, 52, 48
1171, 43, 44, 58, 55, 42, 48
1172, 73, 42, 54, 44, 45, 51
1173, 46, 64, 43, 44, 45, 48
1174, 43, 45, 46, 45, 48, 45
1175, 52, 47, 48, 122, 67, 67
1176, 53, 49, 47, 46, 45, 48
1177, 60, 45, 45, 44, 47, 48
1178, 67, 60, 45, 59, 48, 55
1179, 48, 64, 61, 61, 46, 56
1180, 48, 59, 50, 46, 48, 50
1181, 46, 46, 46, 48, 46, 46
1182, 60, 46, 43, 46, 46, 48
1183, 57, 47, 43, 61, 46, 50
1184, 65, 47, 46, 44, 61, 52
1185, 46, 41, 46, 48, 48, 45
1186, 48, 45, 47, 47, 45, 46
1187, 72, 55, 42, 43, 43, 51
1188, 59, 41, 41, 41, 42, 44
1189, 41, 89, 74, 86, 41, 66
1190, 41, 41, 41, 49, 41, 42
1191, 56, 41, 43, 42, 90, 54
1192, 43, 40, 41, 42, 41, 41
1193, 42, 41, 41, 42, 41, 41
1194, 41, 41, 41, 41, 41, 41
1195, 41, 41, 41, 41, 41, 41
1196, 41, 41, 41, 41, 41, 41
1197, 41, 41, 40, 41, 41, 40
1198, 41, 41, 41, 41, 41, 41
1199, 41, 41, 41, 41, 41, 41
1200, 41, 41, 41, 42, 41, 41
1201, 41, 41, 40, 41, 41, 40
1202, 57, 41, 119, 41, 100, 71
1203, 84, 54, 80, 42, 80, 68
1204, 41, 41, 80, 41, 41, 48
1205, 41, 41, 41, 42, 41, 41
1206, 41, 41, 41, 41, 42, 41
1207, 41, 41, 41, 117, 43, 56
1208, 52, 41, 41, 41, 41, 43
1209, 61, 41, 41, 41, 87, 54
1210, 99, 41, 88, 44, 50, 64
1211, 85, 40, 42, 41, 42, 50
1212, 79, 41, 41, 41, 42, 48
1213, 118, 84, 83, 41, 41, 73
1214, 85, 41, 83, 41, 41, 58
1215, 43, 80, 41, 41, 41, 49
1216, 66, 41, 41, 41, 54, 48
1217, 43, 41, 42, 41, 41, 41
1218, 41, 41, 41, 40, 41, 40
1219, 41, 41, 41, 40, 41, 40
1220, 41, 41, 41, 41, 54, 43
1221, 41, 42, 41, 41, 41, 41
1222, 41, 41, 41, 41, 41, 41
1223, 41, 41, 41, 41, 41, 41
1224, 43, 41, 54, 41, 41, 44
1225, 41, 41, 41, 41, 41, 41
1226, 41, 54, 41, 82, 41, 51
1227, 41, 41, 41, 41, 41, 41
1228, 80, 95, 129, 56, 103, 92
1229, 83, 41, 41, 41, 41, 49
1230, 41, 54, 41, 41, 41, 43
1231, 83, 41, 41, 41, 84, 58
1232, 54, 41, 41, 41, 41, 43
1233, 41, 41, 41, 41, 41, 41
1234, 43, 41, 41, 41, 41, 41
1235, 43, 41, 54, 41, 41, 44
1236, 83, 41, 88, 61, 47, 64
1237, 66, 42, 198, 48, 252, 121
1238, 84, 42, 41, 41, 41, 49
1239, 79, 41, 41, 41, 41, 48
1240, 41, 41, 41, 41, 41, 41
1241, 41, 41, 41, 41, 41, 41
1242, 41, 41, 41, 41, 86, 50
1243, 83, 87, 104, 86, 44, 80
1244, 87, 41, 41, 41, 41, 50
1245, 58, 41, 43, 41, 41, 44
1246, 42, 40, 41, 41, 41, 41
1247, 43, 40, 41, 41, 41, 41
1248, 69, 61, 44, 44, 41, 51
1249, 61, 43, 54, 58, 52, 53
1250, 115, 60, 45, 43, 89, 70
1251, 60, 89, 44, 46, 48, 57
1252, 90, 45, 41, 44, 57, 55
1253, 47, 89, 45, 59, 107, 69
1254, 78, 42, 45, 42, 46, 50
1255, 48, 43, 60, 59, 74, 56
1256, 65, 41, 102, 46, 44, 59
1257, 48, 87, 48, 74, 48, 61
1258, 73, 44, 47, 45, 47, 51
1259, 59, 47, 40, 48, 57, 50
1260, 74, 70, 46, 41, 46, 55
1261, 47, 45, 44, 43, 48, 45
1262, 49, 208, 45, 46, 60, 81
1263, 59, 56, 55, 61, 42, 54
1264, 61, 44, 144, 119, 44, 82
1265, 64, 60, 47, 45, 41, 51
1266, 65, 49, 61, 46, 48, 53
1267, 48, 45, 44, 46, 57, 48
1268, 47, 60, 227, 45, 48, 85
1269, 48, 42, 59, 48, 48, 49
1270, 47, 55, 58, 48, 58, 53
1271, 41, 41, 44, 44, 43, 42
1272, 73, 44, 42, 46, 44, 49
1273, 46, 42, 57, 47, 58, 50
1274, 165, 45, 57, 47, 44, 71
1275, 90, 107, 83, 73, 41, 78
1276, 48, 43, 45, 44, 45, 45
1277, 47, 45, 58, 207, 43, 80
1278, 95, 47, 47, 88, 44, 64
1279, 84, 41, 41, 41, 41, 49
1280, 41, 41, 41, 41, 54, 43
1281, 42, 41, 41, 41, 41, 41
1282, 41, 41, 41, 41, 41, 41
1283, 41, 41, 42, 40, 54, 43
1284, 41, 41, 41, 42, 41, 41
1285, 41, 41, 41, 41, 42, 41
1286, 41, 41, 42, 41, 41, 41
1287, 41, 41, 41, 41, 41, 41
1288, 41, 41, 41, 41, 41, 41
1289, 41, 41, 41, 41, 41, 41
1290, 43, 41, 42, 86, 51, 52
1291, 85, 41, 41, 81, 41, 57
1292, 41, 41, 41, 41, 41, 41
1293, 42, 41, 41, 42, 41, 41
1294, 41, 41, 41, 40, 41, 40
1295, 43, 41, 73, 41, 41, 47
1296, 43, 41, 41, 41, 41, 41
1297, 41, 41, 41, 41, 41, 41
1298, 40, 41, 41, 71, 42, 47
1299, 41, 40, 41, 41, 41, 40
1300, 42, 41, 41, 41, 41, 41
1301, 41, 41, 41, 73, 41, 47
1302, 42, 41, 41, 41, 71, 47
1303, 82, 41, 41, 41, 41, 49
1304, 54, 41, 41, 111, 41, 57
1305, 41, 53, 55, 41, 41, 46
1306, 43, 42, 41, 41, 41, 41
1307, 41, 85, 41, 41, 41, 49
1308, 41, 41, 41, 41, 41, 41
1309, 43, 41, 40, 41, 41, 41
1310, 49, 42, 41, 43, 41, 43
1311, 41, 41, 41, 41, 42, 41
1312, 41, 41, 41, 41, 41, 41
1313, 41, 41, 41, 54, 41, 43
1314, 42, 41, 41, 41, 41, 41
1315, 82, 41, 43, 92, 64, 64
1316, 41, 41, 40, 41, 42, 41
1317, 41, 41, 41, 41, 55, 43
1318, 41, 41, 41, 41, 42, 41
1319, 42, 41, 54, 41, 41, 43
1320, 42, 42, 41, 41, 40, 41
1321, 41, 41, 41, 41, 55, 43
1322, 56, 54, 41, 41, 53, 49
1323, 81, 54, 41, 41, 41, 51
1324, 41, 41, 65, 54, 41, 48
1325, 43, 41, 41, 41, 41, 41
1326, 41, 41, 40, 41, 41, 40
1327, 84, 41, 41, 56, 41, 52
1328, 56, 41, 112, 41, 41, 58
1329, 41, 71, 52, 41, 40, 49
1330, 43, 42, 41, 84, 41, 50
1331, 43, 42, 82, 81, 41, 57
1332, 82, 41, 83, 41, 82, 65
1333, 82, 82, 41, 42, 41, 57
1334, 47, 41, 44, 41, 41, 42
1335, 49, 41, 86, 69, 85, 66
1336, 41, 41, 41, 41, 41, 41
1337, 81, 41, 41, 54, 41, 51
1338, 81, 41, 41, 42, 95, 60
1339, 43, 42, 41, 41, 43, 42
1340, 42, 55, 41, 41, 41, 44
1341, 41, 41, 41, 41, 41, 41
1342, 41, 41, 41, 41, 40, 40
1343, 43, 41, 40, 42, 41, 41
1344, 96, 41, 41, 41, 41, 52
1345, 42, 41, 41, 41, 41, 41
1346, 82, 41, 84, 41, 41, 57
1347, 41, 41, 54, 85, 41, 52
1348, 43, 41, 41, 41, 41, 41
1349, 42, 43, 41, 41, 41, 41
1350, 60, 41, 40, 41, 41, 44
1351, 98, 41, 41, 83, 41, 60
1352, 56, 42, 41, 41, 41, 44
1353, 41, 41, 40, 41, 41, 40
1354, 42, 41, 41, 41, 41, 41
1355, 42, 41, 41, 41, 41, 41
1356, 42, 41, 89, 51, 45, 53
1357, 97, 56, 41, 40, 41, 55
1358, 43, 41, 41, 41, 41, 41
1359, 41, 41, 42, 41, 41, 41
1360, 41, 41, 41, 41, 41, 41
1361, 41, 42, 41, 41, 41, 41
1362, 43, 41, 41, 41, 41, 41
1363, 41, 41, 41, 41, 41, 41
1364, 41, 42, 41, 41, 41, 41
1365, 41, 41, 40, 41, 41, 40
1366, 41, 41, 41, 40, 41, 40
1367, 41, 55, 54, 41, 41, 46
1368, 41, 41, 103, 60, 48, 58
1369, 84, 42, 41, 41, 41, 49
1370, 41, 41, 41, 41, 41, 41
1371, 41, 41, 41, 40, 41, 40
1372, 41, 41, 41, 41, 41, 41
1373, 41, 41, 41, 41, 43, 41
1374, 41, 103, 74, 48, 63, 65
1375, 49, 45, 44, 47, 44, 45
1376, 50, 49, 46, 43, 46, 46
1377, 49, 46, 45, 46, 58, 48
1378, 64, 46, 46, 45, 52, 50
1379, 46, 46, 47, 43, 95, 55
1380, 46, 60, 40, 55, 45, 49
1381, 59, 43, 41, 45, 60, 49
1382, 58, 44, 41, 41, 40, 44
1383, 41, 41, 41, 41, 40, 40
1384, 41, 41, 41, 42, 41, 41
1385, 82, 41, 41, 40, 41, 49
1386, 84, 41, 41, 42, 41, 49
1387, 40, 85, 85, 41, 41, 58
1388, 83, 41, 41, 41, 41, 49
1389, 42, 41, 41, 41, 41, 41
1390, 42, 41, 41, 41, 42, 41
1391, 41, 41, 41, 41, 41, 41
1392, 41, 41, 41, 40, 41, 40
1393, 85, 41, 54, 40, 41, 52
1394, 41, 41, 41, 41, 40, 40
1395, 41, 41, 41, 41, 79, 48
1396, 41, 84, 41, 41, 41, 49
1397, 41, 41, 41, 41, 41, 41
1398, 41, 41, 85, 41, 41, 49
1399, 54, 41, 42, 41, 41, 43
1400, 41, 41, 41, 41, 41, 41
1401, 41, 41, 41, 41, 41, 41
1402, 41, 41, 41, 42, 41, 41
1403, 41, 41, 42, 41, 41, 41
1404, 41, 41, 42, 41, 41, 41
1405, 41, 41, 41, 54, 55, 46
1406, 41, 41, 41, 41, 41, 41
1407, 83, 41, 41, 43, 41, 49
1408, 54, 84, 41, 54, 55, 57
1409, 41, 41, 41, 41, 41, 41
1410, 41, 83, 41, 42, 41, 49
1411, 41, 54, 41, 41, 41, 43
1412, 41, 41, 41, 42, 41, 41
1413, 83, 41, 41, 41, 41, 49
1414, 41, 41, 41, 41, 42, 41
1415, 41, 41, 40, 41, 41, 40
1416, 41, 41, 41, 41, 41, 41
1417, 83, 41, 41, 41, 41, 49
1418, 41, 41, 41, 41, 41, 41
1419, 84, 97, 42, 43, 41, 61
1420, 43, 41, 41, 41, 41, 41
1421, 41, 41, 41, 41, 42, 41
1422, 41, 41, 41, 41, 41, 41
1423, 41, 40, 41, 42, 41, 41
1424, 40, 41, 41, 41, 41, 40
1425, 83, 40, 41, 41, 41, 49
1426, 41, 41, 42, 42, 41, 41
1427, 41, 41, 41, 41, 41, 41
1428, 41, 41, 54, 41, 41, 43
1429, 116, 41, 43, 45, 40, 57
1430, 59, 45, 46, 41, 47, 47
1431, 51, 40, 48, 60, 44, 48
1432, 46, 44, 109, 71, 48, 63
1433, 107, 42, 43, 43, 41, 55
1434, 47, 43, 42, 43, 57, 46
1435, 48, 45, 59, 45, 44, 48
1436, 48, 42, 48, 44, 42, 44
1437, 47, 58, 45, 46, 58, 50
1438, 61, 40, 46, 58, 46, 50
1439, 143, 46, 45, 44, 42, 64
1440, 56, 45, 44, 46, 42, 46
1441, 45, 43, 50, 46, 45, 45
1442, 46, 45, 46, 61, 43, 48
1443, 45, 41, 57, 42, 42, 45
1444, 73, 59, 47, 58, 41, 55
1445, 45, 44, 41, 44, 65, 47
1446, 58, 46, 48, 40, 47, 47
1447, 43, 57, 44, 54, 49, 49
1448, 67, 59, 43, 42, 45, 51
1449, 53, 45, 44, 56, 43, 48
1450, 64, 46, 44, 59, 46, 51
1451, 82, 41, 42, 41, 41, 49
1452, 82, 41, 41, 41, 41, 49
1453, 85, 41, 41, 41, 41, 49
1454, 41, 41, 41, 42, 82, 49
1455, 41, 41, 41, 41, 42, 41
1456, 41, 41, 41, 41, 41, 41
1457, 41, 41, 41, 41, 41, 41
1458, 42, 41, 41, 42, 101, 53
1459, 41, 41, 41, 41, 41, 41
1460, 41, 41, 41, 41, 41, 41
1461, 42, 42, 40, 57, 41, 44
1462, 48, 40, 40, 43, 45, 43
1463, 87, 123, 46, 47, 60, 72
1464, 57, 46, 42, 58, 47, 50
1465, 64, 46, 58, 43, 65, 55
1466, 45, 58, 42, 44, 43, 46
1467, 130, 48, 45, 43, 41, 61
1468, 41, 54, 41, 41, 41, 43
1469, 39, 41, 41, 41, 41, 40
1470, 49, 41, 41, 42, 41, 42
1471, 41, 41, 41, 41, 41, 41
1472, 41, 42, 41, 41, 41, 41
1473, 41, 41, 41, 41, 41, 41
1474, 41, 41, 41, 41, 41, 41
1475, 41, 41, 41, 42, 41, 41
1476, 41, 41, 41, 41, 41, 41
1477, 41, 41, 54, 41, 41, 43
1478, 41, 41, 41, 41, 41, 41
1479, 40, 41, 40, 58, 41, 44
1480, 41, 41, 42, 41, 41, 41
1481, 41, 41, 42, 40, 41, 41
1482, 41, 41, 41, 41, 41, 41
1483, 41, 41, 41, 41, 43, 41
1484, 43, 41, 41, 103, 59, 57
1485, 59, 44, 47, 48, 45, 48
1486, 46, 64, 47, 44, 44, 49
1487, 61, 64, 47, 53, 66, 58
1488, 114, 44, 43, 45, 45, 58
1489, 50, 46, 44, 45, 41, 45
1490, 52, 60, 51, 46, 59, 53
1491, 61, 59, 49, 63, 60, 58
1492, 63, 47, 61, 47, 69, 57
1493, 65, 44, 62, 58, 47, 55
1494, 70, 47, 43, 44, 64, 53
1495, 62, 45, 45, 43, 47, 48
1496, 63, 97, 61, 48, 47, 63
1497, 48, 60, 49, 47, 48, 50
1498, 81, 48, 44, 46, 46, 53
1499, 57, 49, 59, 46, 45, 51
1500, 57, 48, 46, 46, 44, 48
1501, 58, 43, 43, 46, 53, 48
1502, 48, 44, 57, 44, 46, 47
1503, 50, 59, 45, 44, 59, 51
1504, 52, 46, 45, 78, 47, 53
1505, 47, 43, 43, 45, 43, 44
1506, 44, 47, 44, 44, 62, 48
1507, 57, 65, 40, 47, 64, 54
1508, 49, 44, 43, 42, 44, 44
1509, 47, 44, 47, 47, 59, 48
1510, 49, 47, 44, 44, 46, 46
1511, 71, 59, 43, 43, 57, 54
1512, 43, 59, 90, 49, 42, 56
1513, 47, 45, 57, 46, 44, 47
1514, 43, 41, 48, 41, 46, 43
1515, 55, 72, 56, 43, 46, 54
1516, 45, 48, 84, 46, 43, 53
1517, 46, 61, 85, 48, 52, 58
1518, 84, 83, 47, 47, 51, 62
1519, 47, 45, 61, 48, 48, 49
1520, 47, 52, 44, 46, 44, 46
1521, 49, 47, 43, 85, 64, 57
1522, 54, 44, 62, 44, 59, 52
1523, 51, 59, 48, 46, 42, 49
1524, 45, 44, 48, 45, 44, 45
1525, 45, 59, 45, 46, 46, 48
1526, 70, 46, 45, 44, 42, 49
1527, 68, 43, 119, 47, 44, 64
1528, 61, 45, 44, 60, 45, 51
1529, 47, 57, 58, 44, 43, 49
1530, 63, 42, 57, 46, 43, 50
1531, 125, 142, 87, 86, 98, 107
1532, 61, 44, 45, 41, 41, 46
1533, 45, 52, 42, 44, 46, 45
1534, 66, 45, 45, 41, 43, 48
1535, 72, 40, 44, 44, 42, 48
1536, 101, 41, 40, 54, 65, 60
1537, 83, 120, 41, 41, 44, 65
1538, 49, 61, 55, 46, 99, 62
1539, 48, 43, 44, 50, 41, 45
1540, 42, 82, 41, 39, 42, 49
1541, 48, 64, 43, 44, 41, 48
1542, 53, 86, 86, 41, 41, 61
1543, 44, 42, 71, 46, 41, 48
1544, 49, 59, 44, 59, 60, 54
1545, 60, 45, 46, 44, 58, 50
1546, 57, 45, 47, 47, 40, 47
1547, 63, 68, 39, 41, 42, 50
1548, 72, 46, 45, 44, 45, 50
1549, 76, 44, 58, 43, 58, 55
1550, 46, 48, 104, 46, 45, 57
1551, 48, 45, 42, 59, 47, 48
1552, 44, 58, 43, 47, 44, 47
1553, 44, 46, 46, 44, 46, 45
1554, 44, 46, 51, 48, 45, 46
1555, 48, 44, 44, 44, 55, 47
1556, 49, 57, 45, 50, 118, 63
1557, 48, 46, 46, 48, 47, 47
1558, 84, 82, 41, 46, 41, 58
1559, 44, 46, 46, 47, 59, 48
1560, 86, 47, 45, 44, 45, 53
1561, 45, 48, 46, 47, 46, 46
1562, 97, 45, 44, 45, 48, 55
1563, 85, 47, 49, 112, 60, 70
1564, 48, 61, 45, 50, 43, 49
1565, 81, 60, 50, 44, 48, 56
1566, 45, 51, 45, 45, 45, 46
1567, 45, 45, 47, 45, 45, 45
1568, 65, 57, 47, 47, 90, 61
1569, 42, 40, 63, 44, 41, 46
1570, 45, 50, 40, 42, 100, 55
1571, 70, 104, 59, 44, 46, 64
1572, 51, 58, 45, 46, 61, 52
1573, 44, 44, 97, 45, 46, 55
1574, 48, 46, 45, 50, 44, 46
1575, 62, 59, 49, 42, 46, 51
1576, 79, 46, 100, 47, 43, 63
1577, 60, 45, 47, 47, 47, 49
1578, 47, 48, 42, 41, 41, 43
1579, 45, 41, 43, 46, 45, 44
1580, 58, 58, 46, 62, 59, 56
1581, 48, 45, 47, 47, 45, 46
1582, 45, 47, 60, 61, 129, 68
1583, 50, 53, 65, 47, 47, 52
1584, 62, 45, 45, 46, 56, 50
1585, 48, 46, 45, 61, 47, 49
1586, 62, 46, 45, 45, 46, 48
1587, 58, 46, 44, 47, 48, 48
1588, 49, 59, 49, 58, 59, 54
1589, 50, 44, 45, 61, 46, 49
1590, 60, 43, 45, 44, 51, 48
1591, 49, 45, 61, 44, 48, 49
1592, 47, 66, 86, 43, 43, 57
1593, 48, 46, 42, 45, 40, 44
1594, 52, 45, 58, 45, 43, 48
1595, 54, 46, 44, 41, 42, 45
1596, 69, 56, 41, 54, 41, 52
1597, 88, 42, 42, 44, 43, 51
1598, 47, 60, 45, 41, 45, 47
1599, 108, 41, 45, 41, 44, 55
1600, 52, 45, 47, 42, 60, 49
1601, 46, 60, 43, 51, 45, 49
1602, 50, 43, 43, 42, 45, 44
1603, 50, 43, 42, 45, 49, 45
1604, 68, 62, 43, 47, 42, 52
1605, 46, 45, 59, 59, 47, 51
1606, 58, 60, 63, 44, 43, 53
1607, 45, 45, 46, 41, 47, 44
1608, 57, 41, 45, 50, 40, 46
1609, 47, 43, 43, 58, 47, 47
1610, 76, 46, 46, 44, 43, 51
1611, 44, 49, 41, 46, 43, 44
1612, 139, 46, 45, 65, 43, 67
1613, 71, 43, 57, 45, 44, 52
1614, 105, 47, 47, 49, 56, 60
1615, 49, 62, 49, 51, 53, 52
1616, 53, 62, 46, 65, 51, 55
1617, 48, 49, 43, 71, 43, 50
1618, 41, 41, 41, 42, 41, 41
1619, 85, 41, 42, 41, 41, 50
1620, 40, 41, 42, 41, 41, 41
1621, 41, 41, 41, 41, 42, 41
1622, 43, 41, 42, 43, 242, 82
1623, 117, 45, 92, 42, 42, 67
1624, 45, 61, 41, 55, 45, 49
1625, 45, 41, 97, 44, 250, 95
1626, 67, 47, 40, 80, 79, 62
1627, 104, 43, 67, 45, 43, 60
1628, 59, 44, 154, 45, 47, 69
1629, 48, 43, 45, 42, 42, 44
1630, 45, 42, 41, 41, 41, 42
1631, 41, 41, 42, 41, 41, 41
1632, 41, 41, 41, 41, 41, 41
1633, 43, 41, 41, 41, 41, 41
1634, 41, 41, 41, 62, 41, 45
1635, 64, 46, 43, 43, 50, 49
1636, 66, 45, 41, 45, 47, 48
1637, 96, 44, 48, 45, 53, 57
1638, 96, 82, 47, 47, 64, 67
1639, 42, 44, 45, 47, 47, 45
1640, 47, 43, 48, 45, 49, 46
1641, 62, 59, 43, 46, 45, 51
1642, 126, 43, 44, 57, 58, 65
1643, 58, 44, 43, 59, 45, 49
1644, 43, 51, 57, 61, 45, 51
1645, 61, 40, 197, 49, 46, 78
1646, 96, 55, 45, 45, 59, 60
1647, 53, 45, 43, 124, 44, 61
1648, 44, 43, 46, 46, 60, 47
1649, 67, 56, 59, 44, 45, 54
1650, 46, 58, 43, 42, 62, 50
1651, 63, 44, 45, 44, 45, 48
1652, 45, 44, 48, 43, 43, 44
1653, 50, 62, 120, 41, 42, 63
1654, 71, 43, 91, 48, 45, 59
1655, 42, 61, 45, 92, 46, 57
1656, 49, 59, 46, 113, 49, 63
1657, 97, 48, 43, 43, 43, 54
1658, 43, 63, 48, 43, 71, 53
1659, 52, 44, 43, 43, 120, 60
1660, 71, 42, 47, 42, 48, 50
1661, 44, 43, 62, 56, 42, 49
1662, 64, 58, 130, 152, 45, 89
1663, 42, 53, 43, 50, 43, 46
1664, 67, 42, 89, 43, 44, 57
1665, 51, 41, 41, 41, 45, 43
1666, 43, 41, 53, 41, 42, 44
1667, 45, 41, 54, 42, 41, 44
1668, 41, 41, 41, 41, 41, 41
1669, 41, 41, 41, 42, 41, 41
1670, 41, 41, 41, 41, 83, 49
1671, 50, 42, 41, 102, 50, 57
1672, 81, 41, 89, 62, 89, 72
1673, 65, 84, 41, 42, 41, 54
1674, 42, 41, 41, 41, 42, 41
1675, 41, 42, 41, 42, 42, 41
1676, 41, 41, 41, 41, 41, 41
1677, 41, 41, 41, 41, 41, 41
1678, 54, 41, 41, 41, 82, 51
1679, 41, 41, 41, 102, 60, 57
1680, 50, 42, 102, 42, 41, 55
1681, 62, 80, 42, 41, 41, 53
1682, 41, 41, 42, 41, 41, 41
1683, 41, 40, 41, 41, 41, 40
1684, 41, 41, 41, 89, 53, 53
1685, 55, 44, 47, 53, 49, 49
1686, 47, 71, 49, 42, 64, 54
1687, 47, 44, 46, 47, 44, 45
1688, 49, 48, 58, 62, 57, 54
1689, 43, 62, 45, 57, 49, 51
1690, 75, 44, 48, 45, 47, 51
1691, 47, 46, 46, 47, 49, 47
1692, 86, 49, 45, 51, 46, 55
1693, 91, 46, 59, 47, 42, 57
1694, 66, 61, 44, 47, 60, 55
1695, 46, 45, 45, 48, 44, 45
1696, 79, 45, 57, 46, 46, 54
1697, 74, 57, 46, 43, 66, 57
1698, 49, 59, 60, 46, 67, 56
1699, 61, 45, 45, 68, 60, 55
1700, 71, 45, 126, 52, 52, 69
1701, 61, 61, 44, 68, 43, 55
1702, 62, 66, 68, 46, 61, 60
1703, 47, 41, 47, 43, 46, 44
1704, 56, 47, 44, 50, 45, 48
1705, 58, 44, 46, 82, 41, 54
1706, 41, 41, 42, 41, 42, 41
1707, 41, 41, 54, 41, 72, 49
1708, 47, 41, 88, 44, 59, 55
1709, 82, 42, 45, 42, 41, 50
1710, 43, 41, 42, 41, 41, 41
1711, 42, 41, 41, 41, 41, 41
1712, 44, 41, 68, 41, 41, 47
1713, 43, 41, 41, 41, 41, 41
1714, 42, 41, 41, 41, 41, 41
1715, 42, 41, 41, 87, 47, 51
1716, 48, 45, 45, 58, 45, 48
1717, 61, 48, 45, 45, 49, 49
1718, 48, 45, 45, 44, 63, 49
1719, 88, 50, 64, 43, 47, 58
1720, 46, 46, 45, 43, 51, 46
1721, 71, 49, 62, 45, 60, 57
1722, 59, 48, 46, 44, 51, 49
1723, 49, 46, 63, 44, 43, 49
1724, 48, 44, 56, 45, 61, 50
1725, 45, 43, 56, 47, 45, 47
1726, 47, 86, 48, 59, 49, 57
1727, 45, 102, 41, 41, 54, 56
1728, 41, 41, 54, 41, 41, 43
1729, 41, 41, 41, 41, 41, 41
1730, 41, 41, 42, 41, 41, 41
1731, 41, 41, 41, 41, 41, 41
1732, 43, 41, 41, 41, 41, 41
1733, 42, 41, 40, 88, 50, 52
1734, 75, 41, 88, 46, 44, 58
1735, 86, 43, 89, 47, 47, 62
1736, 85, 41, 42, 54, 41, 52
1737, 41, 41, 41, 40, 41, 40
1738, 43, 41, 41, 41, 41, 41
1739, 41, 41, 41, 41, 41, 41
1740, 41, 41, 102, 44, 45, 54
1741, 51, 42, 41, 40, 41, 43
1742, 42, 41, 41, 41, 41, 41
1743, 41, 41, 40, 41, 41, 40
1744, 42, 41, 41, 42, 41, 41
1745, 43, 41, 41, 42, 41, 41
1746, 41, 41, 41, 41, 41, 41
1747, 41, 41, 41, 41, 41, 41
1748, 41, 41, 41, 41, 41, 41
1749, 41, 41, 41, 41, 41, 41
1750, 42, 41, 42, 41, 41, 41
1751, 41, 41, 40, 40, 41, 40
1752, 41, 41, 40, 40, 41, 40
1753, 45, 40, 41, 42, 41, 41
1754, 41, 41, 54, 41, 41, 43
1755, 41, 41, 41, 41, 41, 41
1756, 41, 41, 41, 41, 41, 41
1757, 42, 41, 41, 41, 41, 41
1758, 42, 41, 42, 42, 41, 41
1759, 83, 41, 41, 42, 42, 49
1760, 41, 41, 41, 110, 62, 59
1761, 84, 42, 41, 42, 41, 50
1762, 43, 41, 41, 41, 41, 41
1763, 43, 41, 90, 46, 52, 54
1764, 63, 41, 41, 42, 41, 45
1765, 43, 41, 54, 41, 41, 44
1766, 45, 41, 41, 41, 41, 41
1767, 57, 42, 41, 41, 41, 44
1768, 44, 42, 40, 41, 41, 41
1769, 43, 42, 41, 41, 41, 41
1770, 41, 41, 41, 100, 51, 54
1771, 47, 41, 59, 42, 41, 46
1772, 41, 41, 41, 120, 62, 61
1773, 70, 47, 43, 46, 96, 60
1774, 46, 62, 45, 43, 45, 48
1775, 49, 45, 44, 42, 92, 54
1776, 75, 61, 62, 49, 48, 59
1777, 52, 59, 49, 59, 46, 53
1778, 69, 46, 46, 58, 44, 52
1779, 47, 61, 41, 41, 42, 46
1780, 54, 41, 41, 43, 45, 44
1781, 70, 43, 41, 44, 42, 48
1782, 41, 42, 41, 41, 41, 41
1783, 41, 41, 41, 54, 41, 43
1784, 80, 59, 46, 53, 44, 56
1785, 48, 46, 65, 52, 64, 55
1786, 65, 46, 128, 50, 48, 67
1787, 44, 45, 46, 44, 45, 44
1788, 80, 50, 46, 88, 65, 65
1789, 57, 42, 60, 46, 41, 49
1790, 53, 48, 43, 44, 46, 46
1791, 57, 56, 42, 55, 40, 50
1792, 54, 47, 44, 43, 42, 46
1793, 65, 47, 41, 46, 41, 48
1794, 74, 63, 48, 40, 57, 56
1795, 54, 87, 42, 49, 46, 55
1796, 46, 85, 41, 47, 64, 56
1797, 48, 69, 45, 45, 46, 50
1798, 45, 58, 47, 44, 72, 53
1799, 73, 47, 72, 45, 47, 56
1800, 56, 69, 57, 43, 70, 59
1801, 48, 45, 90, 51, 46, 56
1802, 59, 41, 41, 41, 41, 44
1803, 41, 41, 41, 41, 54, 43
1804, 42, 41, 41, 41, 41, 41
1805, 41, 54, 98, 44, 47, 56
1806, 104, 46, 61, 58, 59, 65
1807, 62, 47, 62, 47, 48, 53
1808, 49, 60, 47, 58, 47, 52
1809, 48, 48, 59, 42, 48, 49
1810, 54, 64, 61, 44, 63, 57
1811, 88, 50, 45, 59, 48, 58
1812, 61, 42, 46, 45, 44, 47
1813, 46, 45, 61, 42, 44, 47
1814, 50, 47, 46, 62, 50, 51
1815, 70, 43, 56, 61, 48, 55
1816, 44, 55, 43, 45, 44, 46
1817, 52, 45, 44, 48, 41, 46
1818, 76, 42, 44, 40, 44, 49
1819, 39, 41, 42, 41, 41, 40
1820, 41, 41, 84, 50, 46, 52
1821, 47, 46, 45, 42, 44, 44
1822, 51, 48, 45, 46, 45, 47
1823, 50, 46, 45, 46, 44, 46
1824, 51, 46, 43, 42, 45, 45
1825, 43, 45, 47, 45, 51, 46
1826, 76, 42, 44, 46, 46, 50
1827, 62, 58, 45, 46, 43, 50
1828, 45, 44, 42, 44, 78, 50
1829, 78, 58, 45, 46, 47, 54
1830, 45, 43, 48, 149, 46, 66
1831, 43, 59, 44, 44, 237, 85
1832, 45, 60, 55, 45, 49, 50
1833, 82, 43, 48, 43, 44, 52
1834, 58, 44, 45, 43, 44, 46
1835, 48, 46, 57, 46, 44, 48
1836, 49, 45, 47, 46, 47, 46
1837, 61, 58, 42, 45, 44, 50
1838, 42, 60, 46, 44, 57, 49
1839, 45, 47, 42, 44, 47, 45
1840, 52, 45, 44, 46, 58, 49
1841, 46, 45, 46, 47, 41, 45
1842, 46, 48, 46, 43, 57, 48
1843, 50, 45, 43, 43, 44, 45
1844, 44, 44, 45, 49, 44, 45
1845, 45, 153, 42, 45, 45, 66
1846, 47, 44, 47, 45, 44, 45
1847, 54, 45, 43, 44, 44, 46
1848, 45, 50, 57, 47, 46, 49
1849, 46, 44, 46, 47, 46, 45
1850, 58, 46, 46, 46, 44, 48
1851, 60, 46, 43, 45, 42, 47
1852, 48, 46, 45, 46, 45, 46
1853, 48, 49, 47, 43, 75, 52
1854, 76, 49, 46, 46, 42, 51
1855, 43, 64, 45, 45, 46, 48
1856, 47, 59, 60, 45, 46, 51
1857, 44, 57, 47, 46, 44, 47
1858, 63, 46, 47, 45, 57, 51
1859, 60, 46, 404, 66, 41, 123
1860, 42, 41, 41, 41, 41, 41
1861, 42, 41, 41, 41, 41, 41
1862, 43, 41, 41, 41, 42, 41
1863, 42, 86, 49, 55, 144, 75
1864, 63, 45, 48, 61, 45, 52
1865, 81, 41, 41, 92, 44, 59
1866, 85, 41, 54, 43, 41, 52
1867, 41, 41, 41, 41, 41, 41
1868, 41, 41, 41, 113, 60, 59
1869, 75, 41, 102, 39, 41, 59
1870, 66, 41, 85, 61, 45, 59
1871, 85, 42, 85, 45, 82, 67
1872, 43, 40, 41, 41, 41, 41
1873, 41, 65, 41, 41, 41, 45
1874, 41, 41, 41, 41, 41, 41
1875, 41, 41, 41, 41, 50, 42
1876, 41, 41, 42, 42, 41, 41
1877, 43, 41, 42, 42, 42, 42
1878, 41, 41, 42, 41, 41, 41
1879, 41, 41, 41, 64, 58, 49
1880, 45, 41, 41, 41, 41, 41
1881, 41, 41, 41, 41, 41, 41
1882, 43, 41, 41, 41, 41, 41
1883, 54, 41, 41, 41, 41, 43
1884, 41, 41, 41, 41, 42, 41
1885, 41, 41, 41, 41, 41, 41
1886, 41, 41, 41, 41, 41, 41
1887, 41, 41, 42, 41, 55, 44
1888, 41, 41, 41, 41, 41, 41
1889, 41, 41, 42, 41, 41, 41
1890, 41, 41, 41, 49, 63, 47
1891, 64, 41, 41, 45, 47, 47
1892, 62, 41, 41, 45, 45, 46
1893, 50, 41, 40, 41, 41, 42
1894, 42, 42, 42, 41, 41, 41
1895, 43, 41, 41, 41, 41, 41
1896, 63, 41, 43, 41, 41, 45
1897, 41, 41, 41, 41, 42, 41
1898, 43, 41, 41, 62, 41, 45
1899, 42, 41, 41, 41, 41, 41
1900, 54, 41, 41, 41, 41, 43
1901, 41, 41, 41, 41, 42, 41
1902, 41, 41, 41, 41, 42, 41
1903, 41, 41, 41, 41, 41, 41
1904, 50, 41, 41, 54, 41, 45
1905, 41, 41, 41, 46, 42, 42
1906, 59, 41, 41, 58, 41, 48
1907, 41, 41, 41, 41, 41, 41
1908, 41, 41, 41, 65, 46, 46
1909, 62, 41, 41, 46, 58, 49
1910, 58, 41, 41, 41, 41, 44
1911, 41, 41, 41, 41, 41, 41
1912, 40, 41, 41, 41, 41, 40
1913, 41, 41, 41, 51, 46, 44
1914, 46, 41, 41, 44, 45, 43
1915, 44, 41, 40, 41, 41, 41
1916, 41, 41, 41, 45, 45, 42
1917, 41, 41, 41, 63, 41, 45
1918, 62, 41, 41, 50, 41, 47
1919, 62, 41, 41, 65, 41, 50
1920, 41, 41, 42, 41, 55, 44
1921, 41, 41, 41, 41, 41, 41
1922, 41, 42, 41, 41, 41, 41
1923, 40, 41, 41, 41, 41, 40
1924, 41, 41, 41, 54, 55, 46
1925, 41, 41, 41, 41, 41, 41
1926, 41, 41, 41, 41, 41, 41
1927, 41, 41, 41, 51, 45, 43
1928, 64, 41, 41, 41, 41, 45
1929, 41, 41, 41, 62, 46, 46
1930, 41, 41, 54, 58, 44, 47
1931, 43, 41, 41, 54, 42, 44
1932, 41, 41, 41, 42, 41, 41
1933, 41, 41, 41, 52, 45, 44
1934, 41, 41, 41, 41, 41, 41
1935, 54, 41, 41, 63, 41, 48
1936, 51, 41, 41, 58, 42, 46
1937, 41, 41, 41, 63, 44, 46
1938, 45, 41, 41, 45, 59, 46
1939, 50, 41, 41, 41, 41, 42
1940, 43, 41, 41, 51, 50, 45
1941, 50, 41, 119, 47, 41, 59
1942, 45, 59, 44, 48, 86, 56
1943, 57, 44, 41, 60, 47, 49
1944, 80, 51, 64, 58, 50, 60
1945, 57, 58, 63, 43, 41, 52
1946, 42, 41, 39, 41, 55, 43
1947, 43, 41, 41, 42, 41, 41
1948, 41, 41, 42, 42, 41, 41
1949, 41, 41, 41, 41, 41, 41
1950, 41, 40, 41, 41, 41, 40
1951, 42, 41, 41, 41, 41, 41
1952, 42, 41, 41, 41, 42, 41
1953, 42, 41, 41, 54, 41, 43
1954, 41, 41, 41, 41, 41, 41
1955, 43, 41, 41, 42, 42, 41
1956, 41, 41, 41, 54, 41, 43
1957, 41, 40, 41, 41, 41, 40
1958, 41, 41, 41, 41, 41, 41
1959, 41, 42, 41, 41, 41, 41
1960, 41, 41, 41, 41, 41, 41
1961, 41, 41, 41, 41, 41, 41
1962, 41, 41, 41, 41, 42, 41
1963, 43, 41, 40, 41, 41, 41
1964, 56, 41, 41, 41, 41, 44
1965, 43, 55, 41, 60, 41, 48
1966, 58, 43, 42, 42, 41, 45
1967, 43, 41, 41, 41, 41, 41
1968, 43, 41, 41, 41, 41, 41
1969, 41, 41, 41, 42, 41, 41
1970, 41, 41, 41, 41, 41, 41
1971, 41, 41, 41, 41, 41, 41
1972, 41, 41, 54, 42, 41, 43
1973, 40, 41, 41, 41, 41, 40
1974, 55, 41, 41, 41, 41, 43
1975, 51, 41, 41, 42, 41, 43
1976, 43, 41, 41, 42, 41, 41
1977, 43, 41, 42, 41, 41, 41
1978, 42, 41, 41, 40, 41, 41
1979, 43, 41, 41, 41, 41, 41
1980, 43, 41, 42, 41, 41, 41
1981, 43, 42, 41, 41, 41, 41
1982, 42, 41, 41, 41, 41, 41
1983, 42, 41, 42, 40, 41, 41
1984, 42, 40, 55, 42, 41, 44
1985, 41, 41, 41, 41, 41, 41
1986, 41, 42, 41, 41, 41, 41
1987, 42, 41, 41, 41, 41, 41
1988, 43, 41, 40, 42, 55, 44
1989, 43, 41, 42, 41, 41, 41
1990, 42, 41, 41, 41, 41, 41
1991, 43, 41, 41, 54, 41, 44
1992, 40, 41, 41, 42, 41, 41
1993, 41, 41, 41, 41, 41, 41
1994, 41, 41, 41, 41, 42, 41
1995, 41, 41, 40, 54, 41, 43
1996, 42, 41, 41, 41, 40, 41
1997, 41, 41, 41, 41, 41, 41
1998, 41, 41, 41, 41, 41, 41
1999, 41, 41, 42, 41, 41, 41
2000, 43, 41, 41, 41, 41, 41
